use excelr4;

desc customer;

insert into customer values(1,'rahul','pune',850,'2021-11-21'),
						   (2,"rohan","mumbai",950,'2025-07-22');
select *
from customer;

update customer
set cname='rohith'
where cid=1;


update customer
set cid=2,cadd='mumbai',price=1000
where cname='rohith';

delete from customer where cid=2;

/*Truncate:
"it is used to remove all the records permanently but
structure of table remains same".
syntax:Truncate table table_name;
*/
Truncate table customer;
select * from customer;

select * from product;

/*Overview of SQL Statements:
1)Data Definition Language(DDL):
"it is used constuct the object in a database &delas
with structure of object".
->it has 5 statements.
1)CREATE
2)RENAME
3)ALTER
4)TRUNCATE
5)DROP
2)Data Manipulation Language(DML):
"IT IS USED TO MANIPULATE THE OBJECT BY PERFORMING 
1)INSERT
2)UPDATE
3)DELETE 
OPERATIONS.
3)Transaction Control language(TCL:
"IT IS USED TO CONTROL FLOW OF TRANSACTIONS IN  DATABASE"
->IT HAS 3 STATEMENTS
1)COMMIT
2)ROLLBACK
3)SAVEPOINT
4)Data Control Language(DCL):
"IT IS USED TO CONTROL FLOW OF DATA IN DATABASE"
->IT HAS 2 STATEMENTS
1)GRANT
2)REVOKE
5)Data Query language(DQL)
"IT IS PROCESS RETRIVE THE DATA FROM DATABASE".
->IT HAS 4 STATEMENTS
1)SELECT:
"IT IS PROCESS OF RETRIVING DATA FROM THE 
TABLE &DISPLAY IT".
2)PROJECTION
"IT IS PROCESS OF RETRIVING DATA BY SELECTING ONLY
COLUMNS".
3)SELECTION
"IT IS PROCESS OF RETRIVING DATA BY SELECTING BOTH
ROWS &COLUMNS IS KNOWN AS SELECTION.
4)JOINS:
"IT IS PROCESS OF RETIVING DATA FROM MULTIPLE TABLES
SIMULTANESOULY IS KNOWN AS JOINS".

/*PROJECTION:
"IT IS PROCESS OF RETRIVING DATA BY SELECTING ONLY
COLUMNS".
SYNTAX:
SELECT * /[DISTINCT]COLUMN_NAME/EXPRESSION[ALIAS]
FROM TABLE_NAME;
*/
/*WRITE A QUERY DISPLAY NAME OF EMPLOYEE".*/
SELECT ENAME
FROM EMP;

/*WRITE A QUERY TO DISPLAY NAME &SALARY OF EMPLOYEE*/

SELECT * 
FROM EMP;

SELECT ENAME,SAL
FROM EMP;

/*WAQTD NAME &DESIGNATION OF EMPLOYEE*/
SELECT ENAME,JOB
FROM EMP;

/*WAQTD NAME,JOININGDATE,COMMISSION,SALARY OF EMPLOYEE*/
SELECT ENAME,HIREDATE,COMM,SAL
FROM EMP;

/*WAQTD DNAME OF EMPLOYEE*/
SELECT DNAME
FROM DEPT;

/*WAQTD DNAME &LOCATION OF EMPLOYEE */
SELECT DNAME,LOC
FROM DEPT;

/*WAQTD DETAILS OF EMPLOYEE*/
SELECT *
FROM EMP;

/*WAQTD NAME,SALARY &ANNUALSALARY OF EMPLOYEE*/
SELECT ENAME,SAL,SAL*12
FROM EMP;

/*WAQTD ENAME OF EMPLOYEE ALONG WITH 10% HIKE IN A SALARY*/
SELECT ENAME,SAL+SAL*10/100
FROM EMP;

SELECT ENAME,SAL+SAL/10
FROM EMP;

/*WAQTD NAME OF EMPLOYEE ALONG WITH 40% DEDUCTION SALARY*/

SELECT ENAME,SAL-SAL*40/100
FROM EMP;

/*WAQTD NAME OF EMPLOYEE ALONG WITH 100RS PENALTY IN SALARY*/
SELECT ENAME,SAL-100
FROM EMP;

SELECT * FROM EMP;

/*DISTINCT CLAUSE/KEYWORD:
"IT IS USED TO REMOVE DUPLICATE/REPETED VALUE FROM RESULT TABLE"
->ALWAYS DISTINCT CLAUSE HAS TO BE USED AS FIRST ARGUMENT IN
SELECT CLAUSE.
->FOR DISTINCT CLAUSE WE CAN PASS MULTIPLE COLUMNS NAMES AS ARGUMENTS
IT WILL CHECK FOR COMBINATION OF COLUMNS IN WHICH RECORD IS REPETED".

*/
SELECT DISTINCT DEPTNO
FROM EMP;

SELECT DISTINCT JOB
FROM EMP;
SELECT SAL,DEPTNO
FROM EMP;

SELECT DISTINCT SAL,DEPTNO
FROM EMP;
/*ALIAS:
"ALTERNATE NAME GIVEN TO COLUMN/EXPRESSION IN THE RESULT TABLE"
->WE CAN WRITE THE ALIAS WITH OR WITHOUT AS KEYWORD".
*/
SELECT ENAME,SAL*12 AS ANNUALSALARY
FROM EMP;
SELECT ENAME,SAL*12 ANNUALSALARY
FROM EMP;
SELECT ENAME,SAL*12 ANNUAL_SALARY
FROM EMP;
SELECT ENAME,SAL*12 "ANNUAL SALARY"
FROM EMP;

SELECT * FROM EMP;

 CREATE TABLE emp
 (
  empno decimal(4,0) NOT NULL,
  ename varchar(10) default NULL,
  job varchar(9) default NULL,
  mgr decimal(4,0) default NULL,
  hiredate date default NULL,
  sal decimal(7,2) default NULL,
  comm decimal(7,2) default NULL,
  deptno decimal(2,0) default NULL
 );

 CREATE TABLE dept (
  deptno decimal(2,0) default NULL,
  dname varchar(14) default NULL,
  loc varchar(13) default NULL
 );
 
 INSERT INTO emp VALUES 
('7369','SMITH','CLERK','7902','1980-12-17','800.00',NULL,'20');
 INSERT INTO emp VALUES 
('7499','ALLEN','SALESMAN','7698','1981-02-20','1600.00','300.00','30');
 INSERT INTO emp VALUES 
('7521','WARD','SALESMAN','7698','1981-02-22','1250.00','500.00','30');
 INSERT INTO emp VALUES 
 ('7566','JONES','MANAGER','7839','1981-04-02','2975.00',NULL,'20');
 INSERT INTO emp VALUES 
('7654','MARTIN','SALESMAN','7698','1981-09-28','1250.00','1400.00','30');
 INSERT INTO emp VALUES 
('7698','BLAKE','MANAGER','7839','1981-05-01','2850.00',NULL,'30');
 INSERT INTO emp VALUES 
('7782','CLARK','MANAGER','7839','1981-06-09','2450.00',NULL,'10');
 INSERT INTO emp VALUES 
('7788','SCOTT','ANALYST','7566','1982-12-09','3000.00',NULL,'20');
 INSERT INTO emp VALUES 
('7839','KING','PRESIDENT',NULL,'1981-11-17','5000.00',NULL,'10');
 INSERT INTO emp VALUES 
('7844','TURNER','SALESMAN','7698','1981-09-08','1500.00','0.00','30');
 INSERT INTO emp VALUES 
('7876','ADAMS','CLERK','7788','1983-01-12','1100.00',NULL,'20');
 INSERT INTO emp VALUES 
('7900','JAMES','CLERK','7698','1981-12-03','950.00',NULL,'30');
 INSERT INTO emp VALUES 
('7902','FORD','ANALYST','7566','1981-12-03','3000.00',NULL,'20');
 INSERT INTO emp VALUES 
('7934','MILLER','CLERK','7782','1982-01-23','1300.00',NULL,'10');
 INSERT INTO dept VALUES ('10','ACCOUNTING','NEW YORK');
 INSERT INTO dept VALUES ('20','RESEARCH','DALLAS');
 INSERT INTO dept VALUES ('30','SALES','CHICAGO');
 INSERT INTO dept VALUES ('40','OPERATIONS','BOSTON');
 
 
 
 
 
 
 